{
    "mass_scale": 0.8624074561769747,
    "leg_length_scale": 0.9311989040672406,
    "joint_range_scale": 0.9558083612168199,
    "density_scale": 1.0732352291549871
}