{
    "mass_scale": 0.9216968971838151,
    "leg_length_scale": 1.0049512863264476,
    "joint_range_scale": 0.9931945018642115,
    "density_scale": 0.9582458280396084
}