{
    "mass_scale": 1.0404460046972834,
    "leg_length_scale": 1.0416145155592091,
    "joint_range_scale": 0.9520584494295802,
    "density_scale": 1.093981970432399
}