{
    "mass_scale": 1.1329770563201687,
    "leg_length_scale": 0.9424678221356553,
    "joint_range_scale": 0.96818249672071,
    "density_scale": 0.9366809019706868
}