{
    "mass_scale": 0.949816047538945,
    "leg_length_scale": 1.0901428612819832,
    "joint_range_scale": 1.0231993941811406,
    "density_scale": 1.0197316968394075
}